Workbook

Sheet Orçamento Detalhado
A1: ORÇAMENTO ESTIMADO DE PEÇAS - IMPRESSORA 3D
A2: Cotação media de mercado de componentes (Valores em R$ BRL)
A4: Categoria | B4: Descrição da Peça / Componente | C4: Qtd | D4: Custo Unit. Estimado (R$) | E4: Custo Total Estimado (R$) | F4: Observações
A5: PARAFUSOS | B5: Parafuso M3 6mm (allen) | C5: 2 | D5: 0.3 | E5: =C5*D5 -> 0.6 | F5: Aço inox / carbono
A6: PARAFUSOS | B6: Parafuso M3 10mm (allen) | C6: 16 | D6: 0.35 | E6: =C6*D6 -> 5.6 | F6: Aço inox / carbono
A7: PARAFUSOS | B7: Parafuso M3 10mm CABEÇA CHATA | C7: 1 | D7: 0.35 | E7: =C7*D7 -> 0.35 | F7: Aço inox / carbono
A8: PARAFUSOS | B8: Parafuso M3 15mm (allen) | C8: 20 | D8: 0.4 | E8: =C8*D8 -> 8 | F8: Aço inox / carbono
A9: PARAFUSOS | B9: Parafuso M3 18 mm (allen) | C9: 5 | D9: 0.45 | E9: =C9*D9 -> 2.25 | F9: Aço inox / carbono
A10: PARAFUSOS | B10: Parafuso M3 20 mm (allen) | C10: 13 | D10: 0.45 | E10: =C10*D10 -> 5.85 | F10: Aço inox / carbono
A11: PARAFUSOS | B11: Parafuso M3 25 mm (allen) | C11: 21 | D11: 0.5 | E11: =C11*D11 -> 10.5 | F11: Aço inox / carbono
A12: PARAFUSOS | B12: Parafuso M3 30 mm (allen) | C12: 26 | D12: 0.6 | E12: =C12*D12 -> 15.6 | F12: Aço inox / carbono
A13: PARAFUSOS | B13: Parafuso M3 40 mm (allen) | C13: 7 | D13: 0.8 | E13: =C13*D13 -> 5.6 | F13: Aço inox / carbono
A14: PARAFUSOS | B14: Parafuso M4 15 mm (allen) | C14: 5 | D14: 0.5 | E14: =C14*D14 -> 2.5 | F14: Aço inox / carbono
A15: PARAFUSOS | B15: Parafuso M4 CABEÇA CHATA 30mm | C15: 2 | D15: 0.7 | E15: =C15*D15 -> 1.4 | F15: Aço inox / carbono
A16: PARAFUSOS | B16: Parafuso M5 CABEÇA CHATA 30mm | C16: 2 | D16: 0.9 | E16: =C16*D16 -> 1.8 | F16: Aço inox / carbono
... A69: CABOS E FONTE | B69: Fonte Chaveada 12V 6A a 12V Modelo YU1206 | C69: 1 | D69: 55 | E69: =C69*D69 -> 55 | F69: Fonte de alimentação 12V
A70: TOTAL GERAL ESTIMADO | E70: =SUM(E5:E69) -> 2365.5

Sheet Resumo por Categoria
A1: RESUMO FINANCEIRO POR CATEGORIA
A3: Categoria de Componentes | B3: Custo Total Estimado (R$) | C3: % do Orçamento
A4: PARAFUSOS | B4: =SUMIF('Orçamento Detalhado'!A$5:A$69, A4, 'Orçamento Detalhado'!E$5:E$69) -> 85.45 | C4: =B4/B12 -> 0.036123441
A5: ESPAÇADORES | B5: =SUMIF('Orçamento Detalhado'!A$5:A$69, A5, 'Orçamento Detalhado'!E$5:E$69) -> 9 | C5: =B5/B12 -> 0.0038046925
A6: PORCAS | B6: =SUMIF('Orçamento Detalhado'!A$5:A$69, A6, 'Orçamento Detalhado'!E$5:E$69) -> 37.8 | C6: =B6/B12 -> 0.015979708
A7: ARRUELAS | B7: =SUMIF('Orçamento Detalhado'!A$5:A$69, A7, 'Orçamento Detalhado'!E$5:E$69) -> 5.25 | C7: =B7/B12 -> 0.0022194039
A8: EIXOS E FUSOS | B8: =SUMIF('Orçamento Detalhado'!A$5:A$69, A8, 'Orçamento Detalhado'!E$5:E$69) -> 303 | C8: =B8/B12 -> 0.12809131
A9: ROLAMENTOS E TRANSMISSÃO | B9: =SUMIF('Orçamento Detalhado'!A$5:A$69, A9, 'Orçamento Detalhado'!E$5:E$69) -> 516.5 | C9: =B9/B12 -> 0.21834707
A10: MOTORES E ELETRÔNICA | B10: =SUMIF('Orçamento Detalhado'!A$5:A$69, A10, 'Orçamento Detalhado'!E$5:E$69) -> 1299 | C10: =B10/B12 -> 0.54914394
A11: CABOS E FONTE | B11: =SUMIF('Orçamento Detalhado'!A$5:A$69, A11, 'Orçamento Detalhado'!E$5:E$69) -> 109.5 | C11: =B11/B12 -> 0.046290425
A12: TOTAL | B12: =SUM(B4:B11) -> 2365.5 | C12: =SUM(C4:C11) -> 1
